{
  "personaId": "a5281e2e-f9de-4833-b5fb-bcf227598229",
  "options": {
    "version": "v2",
    "environment": "staging",
    "prefix": "/v2"
  },
  "ballots": [],
  "transactions": [],
  "properties": {
    "setting": "adFree",
    "fee": {
      "currency": "BAT",
      "amount": 10
    },
    "days": 30,
    "wallet": {
      "keyinfo": {
        "seed": {
          "0": 48,
          "1": 189,
          "2": 221,
          "3": 110,
          "4": 250,
          "5": 247,
          "6": 209,
          "7": 172,
          "8": 201,
          "9": 5,
          "10": 216,
          "11": 56,
          "12": 203,
          "13": 165,
          "14": 134,
          "15": 87,
          "16": 235,
          "17": 120,
          "18": 11,
          "19": 15,
          "20": 13,
          "21": 43,
          "22": 39,
          "23": 148,
          "24": 238,
          "25": 11,
          "26": 141,
          "27": 60,
          "28": 251,
          "29": 86,
          "30": 173,
          "31": 245
        }
      },
      "paymentId": "043c69bf-331c-476b-b9b0-297a53a3f241",
      "addresses": {
        "BAT": "0x802dA6DE8fdce9C55e9d5B636C2f74A8Fb820dE9",
        "BTC": "mvKoGc1JtmaS9Mbw5hQNcmWkWUNvLTg4Xp",
        "CARD_ID": "a525fe3b-71a6-4ed7-9b07-5fcbade52e09",
        "ETH": "0x802dA6DE8fdce9C55e9d5B636C2f74A8Fb820dE9",
        "LTC": "mztm54NDhtMqbEZWK2yp111gQK5Z6iTh7Y"
      }
    }
  },
  "ruleset": [
    {
      "condition": "SLD === 'youtube.com' && pathname.indexOf('/channel/') === 0",
      "consequent": "'youtube#channel:' + pathname.split('/')[2]",
      "description": "youtube channels"
    },
    {
      "condition": "/^[a-z][a-z].gov$/.test(SLD)",
      "consequent": "QLD + '.' + SLD",
      "description": "governmental sites"
    },
    {
      "condition": "TLD === 'gov' || /^go.[a-z][a-z]$/.test(TLD) || /^gov.[a-z][a-z]$/.test(TLD)",
      "consequent": "SLD",
      "description": "governmental sites"
    },
    {
      "condition": "SLD === 'keybase.pub'",
      "consequent": "QLD + '.' + SLD",
      "description": "keybase users"
    },
    {
      "condition": true,
      "consequent": "SLD",
      "description": "the default rule"
    }
  ],
  "persona": "{\"userId\":\"a5281e2ef9de833b5fbbcf227598229\",\"registrarVK\":\"==========ANONLOGIN_VK_BEG==========\\nx3EmZXFb2jD7OocZz6l7o638S45k2kKrX5BrWp1Ox+ ANJXSauJVPNHKl/mmakFwxbkwJkJzfXe+c9+jxFtuX6 1\\n5xMuqWE8J7HIHbW/UEJwFELYjTWRF10x7LMd7s46MVT 4DC6LqGM8zLz1pCsHA3qab48gkpeiQpNZAdb9owFvU6 1\\n1tADCD6LdrEDQQDhRy1ijjAfhV9uKwlKKuhD6xXyPAZ BLOzUy+ZZh48riPnAHnUGal+ceCclccZXmoXXx92WHW 1\\n7VRDst4U4iaT/9QNCwajEaqgRNtKPV1Dp5QuMjP019h HucbxBMGGAZBNLXGzfKsTlF+wAdmOFAvBRAo8i2Azd 1\\n5SLk8SphICEkF+CNhN5g7IX2ih+Tb6w14LLlwupKw7y 96ANsdHzg0pwo2DDWOyAh1YPnION196pIT9xwISFZTA 3ef5G5d2c8cctdK4LuaxlSeEf1OZ100Sy5un5EjuHJB 77yFnY61GM7PHd6q3TLs2QS6c9PfrXD2idxaFq2DMd 1 0\\n===========ANONLOGIN_VK_END==========\",\"masterUserToken\":\"==========ANONLOGIN_CRED_BEG==========\\na5281e2ef9de833b5fbbcf227598229\\n36u+4FAu7oDG1b9/ZJK7iHGf9FNTPwiCjilci7Hkdrg\\n1SUILYD5FQob48qaL5jlupxjRVPr76GF1kixWPhyYCw 8zPuNOPzTmVWhuMx9EwwEjOuu+y3S2/deRlKazqMYOl 1\\n7A6WrnXRosxvkH0M+o6WKp/0Fm76+g5RkCe5uXYmHkI\\nFLzB+LcJPwSYAJUVEnKAWJaxABu8dZ8jc8vDJhkcuBS\\n===========ANONLOGIN_CRED_END==========\"}",
  "bootStamp": 1518677603182,
  "reconcileStamp": 1521269603182
}